{
 "setting_1": {
  "edges": [
   -1.284202369109533,
   -0.8271890358197967,
   -0.5072797025169814,
   -0.2330717025431396,
   -0.004565035898271499,
   0.26964296407557026,
   0.49814963072043844,
   0.8637602973522275,
   1.27507229731299
  ],
  "ref_pct": [
   0.09679018465733052,
   0.09759573677035568,
   0.10100384186392365,
   0.1018713595241046,
   0.08631800718800348,
   0.11302515801214524,
   0.0868756971124055,
   0.11457429669103979,
   0.09672821911017475,
   0.10521749907051679
  ]
 },
 "setting_2": {
  "edges": [
   -1.3612157757593586,
   -1.0209645414542792,
   -0.6807133071492,
   -0.3404620728441207,
   -0.00021083853904144522,
   0.34004039576603784,
   0.6802916300711171,
   1.0205428643761962,
   1.3607940986812757
  ],
  "ref_pct": [
   0.050316024290494483,
   0.10112777295823522,
   0.1024910149956624,
   0.09833932333622505,
   0.09710001239310943,
   0.10032222084521006,
   0.10044615193952162,
   0.0988350477134713,
   0.09914487544925021,
   0.15187755607882017
  ]
 },
 "setting_3": {
  "edges": [],
  "ref_pct": [
   1.0
  ]
 },
 "sensor_2": {
  "edges": [
   -1.2518041388777728,
   -0.8723320664308725,
   -0.5727488513413459,
   -0.3131100649303925,
   -0.07344349285872578,
   0.18619529355222758,
   0.46580629430246756,
   0.8452783667493678,
   1.3645559395712745
  ],
  "ref_pct": [
   0.09505514933696864,
   0.0988970132606271,
   0.10180939397694881,
   0.10137563514685835,
   0.09833932333622505,
   0.09840128888338084,
   0.10013632420374272,
   0.1038542570330896,
   0.10100384186392365,
   0.10112777295823522
  ]
 },
 "sensor_3": {
  "edges": [
   -1.2287731148235084,
   -0.8502923420156664,
   -0.5599062318440918,
   -0.31030468770788333,
   -0.06396590885449814,
   0.18726701792312206,
   0.4646020669633661,
   0.823506248074268,
   1.342285928043625
  ],
  "ref_pct": [
   0.09995042756227537,
   0.09964059982649646,
   0.10026025529805428,
   0.09964059982649646,
   0.10038418639236585,
   0.10007435865658694,
   0.09976453092080803,
   0.0998884620151196,
   0.10007435865658694,
   0.10032222084521006
  ]
 },
 "sensor_4": {
  "edges": [
   -1.23136701322947,
   -0.8760063253188131,
   -0.5962851067157904,
   -0.3323824516498681,
   -0.09064806520280289,
   0.16690488478133733,
   0.44963385842309816,
   0.827274213287406,
   1.410221699129552
  ],
  "ref_pct": [
   0.09957863427934069,
   0.10026025529805428,
   0.1001982897508985,
   0.09970256537365225,
   0.10007435865658694,
   0.1001982897508985,
   0.09970256537365225,
   0.10013632420374272,
   0.10013632420374272,
   0.10001239310943115
  ]
 },
 "sensor_7": {
  "edges": [
   -1.3850077006109156,
   -0.8218937450251927,
   -0.46150081345027383,
   -0.1799438356574124,
   0.07908858391191258,
   0.31784890108030617,
   0.5858911439391143,
   0.87871040084368,
   1.2503656115303032
  ],
  "ref_pct": [
   0.0995166687321849,
   0.09895897880778287,
   0.10081794522245631,
   0.10001239310943115,
   0.10007435865658694,
   0.10063204858098897,
   0.09827735778906928,
   0.09945470318502912,
   0.10205725616557194,
   0.1001982897508985
  ]
 },
 "sensor_8": {
  "edges": [
   -1.2201237997991479,
   -0.9408160578923311,
   -0.5218544450352813,
   -0.2425467031284645,
   -0.10289283217188075,
   0.17641490973493604,
   0.4557226516417528,
   0.7350303935485696,
   1.293645877362203
  ],
  "ref_pct": [
   0.08879662907423473,
   0.07584582971867641,
   0.1314908910645681,
   0.09864915107200396,
   0.052608749535258396,
   0.11234353699343165,
   0.11215764035196431,
   0.09536497707274755,
   0.12492254306605527,
   0.10782005205105961
  ]
 },
 "sensor_9": {
  "edges": [
   -0.8820769227675631,
   -0.6532424215977211,
   -0.4749771407132472,
   -0.3336730434053446,
   -0.20681102376582552,
   -0.07731519056971861,
   0.08944910445122839,
   0.3423391027707596,
   1.047454888746521
  ],
  "ref_pct": [
   0.10001239310943115,
   0.0998884620151196,
   0.10013632420374272,
   0.0998884620151196,
   0.0998884620151196,
   0.10001239310943115,
   0.10013632420374272,
   0.09995042756227537,
   0.10007435865658694,
   0.10001239310943115
  ]
 },
 "sensor_11": {
  "edges": [
   -1.2499862419899213,
   -0.8760335809927757,
   -0.5768714521950699,
   -0.31510458949707065,
   -0.09073299289877801,
   0.17103386979922122,
   0.43280073249719386,
   0.8067533934943394,
   1.4424729171894843
  ],
  "ref_pct": [
   0.09251456190358161,
   0.10391622258024538,
   0.10311067046722022,
   0.09858718552484819,
   0.09381583839385302,
   0.10738629322096914,
   0.0942495972239435,
   0.09995042756227537,
   0.10509356797620523,
   0.10137563514685835
  ]
 },
 "sensor_12": {
  "edges": [
   -1.3754796793163984,
   -0.820096741753666,
   -0.45435675848048923,
   -0.16989232704600155,
   0.07393432846944961,
   0.3313069092911436,
   0.5751335648065947,
   0.8866898468538761,
   1.238883904820656
  ],
  "ref_pct": [
   0.09995042756227537,
   0.09957863427934069,
   0.10007435865658694,
   0.09728590903457678,
   0.09827735778906928,
   0.10416408476886851,
   0.09604659809146114,
   0.10205725616557194,
   0.10057008303383319,
   0.10199529061841615
  ]
 },
 "sensor_13": {
  "edges": [
   -1.1946989040687077,
   -0.9192223807526971,
   -0.506007595781813,
   -0.23053107246580243,
   -0.09279281080466534,
   0.18268371251134524,
   0.4581602358273558,
   0.7336367591433665,
   1.2845898057753875
  ],
  "ref_pct": [
   0.09747180567604412,
   0.07256165571942,
   0.12901226917833686,
   0.09728590903457678,
   0.054343784855620275,
   0.11221960589912008,
   0.1111661915974718,
   0.0942495972239435,
   0.1211426446895526,
   0.11054653612591399
  ]
 },
 "sensor_14": {
  "edges": [
   -0.9445393756724088,
   -0.6788118502123764,
   -0.45986412753694333,
   -0.29666698239458267,
   -0.16134512601878134,
   -0.021968682186030968,
   0.14827330866275978,
   0.37619180608672553,
   1.0115963429344406
  ],
  "ref_pct": [
   0.10001239310943115,
   0.09982649646796381,
   0.10013632420374272,
   0.09995042756227537,
   0.09995042756227537,
   0.09995042756227537,
   0.10013632420374272,
   0.10001239310943115,
   0.10001239310943115,
   0.10001239310943115
  ]
 },
 "sensor_15": {
  "edges": [
   -1.2282103921925518,
   -0.8550607393811328,
   -0.5831945637614248,
   -0.325188232388964,
   -0.07411182314017546,
   0.1711008058501625,
   0.45895910944751167,
   0.821447343607154,
   1.3998293054648319
  ],
  "ref_pct": [
   0.09976453092080803,
   0.09914487544925021,
   0.10094187631676788,
   0.10013632420374272,
   0.09976453092080803,
   0.10013632420374272,
   0.09926880654356178,
   0.10075597967530053,
   0.10001239310943115,
   0.10007435865658694
  ]
 },
 "sensor_17": {
  "edges": [
   -1.4377848336357844,
   -0.7921998013547079,
   -0.14661476907363158,
   0.49897026320744475,
   1.1445552954885212
  ],
  "ref_pct": [
   0.023546907919196926,
   0.09449745941256661,
   0.22016358904449126,
   0.2650886107324328,
   0.1980418887098773,
   0.1986615441814351
  ]
 },
 "sensor_20": {
  "edges": [
   -1.3658826534471737,
   -0.8521761855148986,
   -0.4655154032002617,
   -0.18932913011835573,
   0.08685714296351098,
   0.3078061614290122,
   0.5839924345109182,
   0.8601787075927848,
   1.2468394899074218
  ],
  "ref_pct": [
   0.10001239310943115,
   0.08910645681001363,
   0.10404015367455695,
   0.09226669971495849,
   0.10936919072995414,
   0.08904449126285785,
   0.11122815714462758,
   0.09610856363861693,
   0.10379229148593382,
   0.10503160242904945
  ]
 },
 "sensor_21": {
  "edges": [
   -1.382492456997113,
   -0.8205330299153768,
   -0.4636340065877135,
   -0.1781884512946577,
   0.07134621155825947,
   0.3190392901835167,
   0.5685739530364666,
   0.8613858452402932,
   1.2333858592350695
  ],
  "ref_pct": [
   0.10001239310943115,
   0.10001239310943115,
   0.0995166687321849,
   0.10038418639236585,
   0.0998884620151196,
   0.09982649646796381,
   0.10013632420374272,
   0.0998884620151196,
   0.1001982897508985,
   0.10013632420374272
  ]
 }
}