{
  "setting_1": 0.0443868205752006,
  "setting_2": 0.053274194962300715,
  "setting_3": 0.0,
  "sensor_2": 0.06437174957615707,
  "sensor_3": 0.03061449178274205,
  "sensor_4": 0.06551499017925001,
  "sensor_7": 0.06096218939173771,
  "sensor_8": 0.0860688105441532,
  "sensor_9": 0.05339823090494149,
  "sensor_11": 0.10044969203824364,
  "sensor_12": 0.07562787508892779,
  "sensor_13": 0.09311381615983375,
  "sensor_14": 0.045934608352502314,
  "sensor_15": 0.058261979179452604,
  "sensor_17": 0.04974966874331844,
  "sensor_20": 0.06598466591589253,
  "sensor_21": 0.05228621660534612
}