{
  "setting_1": {
    "mean": 8.80583387978808e-19,
    "std": 1.0000309842135506,
    "min": -3.9348797021900035,
    "max": 3.971450963722434
  },
  "setting_2": {
    "mean": -3.522333551915232e-18,
    "std": 1.0000309842135506,
    "min": -2.041718244369517,
    "max": 2.041296567291434
  },
  "setting_3": {
    "mean": 0.0,
    "std": 0.0,
    "min": 0.0,
    "max": 0.0
  },
  "sensor_2": {
    "mean": -1.0411665746106234e-13,
    "std": 1.0000309842135504,
    "min": -2.9494423577184996,
    "max": 3.681332802930568
  },
  "sensor_3": {
    "mean": -1.4850158254874617e-14,
    "std": 1.0000309842135506,
    "min": -3.188063667160708,
    "max": 3.972074746001653
  },
  "sensor_4": {
    "mean": 6.995354434103651e-15,
    "std": 1.0000309842135504,
    "min": -2.983662819133716,
    "max": 3.6155745325361774
  },
  "sensor_7": {
    "mean": -6.379650529228869e-14,
    "std": 1.0000309842135506,
    "min": -3.952807338081781,
    "max": 3.0410679902928095
  },
  "sensor_8": {
    "mean": 1.1557833083899452e-12,
    "std": 1.0000309842135506,
    "min": -2.7563163802898156,
    "max": 6.460839102641489
  },
  "sensor_9": {
    "mean": 9.098187564597044e-15,
    "std": 1.0000309842135506,
    "min": -1.9196677733627414,
    "max": 7.863193713443137
  },
  "sensor_11": {
    "mean": -1.6470431688755627e-14,
    "std": 1.0000309842135506,
    "min": -2.5588205554799175,
    "max": 3.686188883172331
  },
  "sensor_12": {
    "mean": 3.444842213773097e-15,
    "std": 1.0000309842135506,
    "min": -3.6782869814058636,
    "max": 2.6747519872999534
  },
  "sensor_13": {
    "mean": -2.9629728945368855e-12,
    "std": 1.0000309842135506,
    "min": -2.985296305625908,
    "max": 6.380905487124715
  },
  "sensor_14": {
    "mean": 3.842161438429135e-14,
    "std": 1.0000309842135506,
    "min": -2.2296915524968175,
    "max": 7.59153291510694
  },
  "sensor_15": {
    "mean": 1.6058318663181542e-14,
    "std": 1.0000309842135506,
    "min": -3.1366043308565152,
    "max": 3.790652438120627
  },
  "sensor_17": {
    "mean": -7.49904813202753e-15,
    "std": 1.0000309842135504,
    "min": -3.3745399304790133,
    "max": 3.7268954246128265
  },
  "sensor_20": {
    "mean": 7.456780129404547e-15,
    "std": 1.0000309842135506,
    "min": -3.6140389163337225,
    "max": 3.401092419946108
  },
  "sensor_21": {
    "mean": -4.547332615522564e-15,
    "std": 1.0000309842135506,
    "min": -3.51237669554008,
    "max": 2.984732459774918
  }
}